name,xC,yC,xLF,yLF,zLF,nameLF,xLT,yLT,zLT,distance
AAAAAAAAAA,999,wdadwadwa,84702,-33992.104507963886,4747.46441482415,other,-74393.93928953575,-98812,-55417,999999999999
structure,-508.48863590997735,764,55604,40270.32583197235,29227.360726964544,parent,52949.69989644614,-40465,-61609,66750
glad,-548.9650885955182,-175,-57943,-24801.011428881422,-89670.92478712488,lovely,9852.583419282819,86961,-89167,46701
fruit,-995.0388630874058,660,-98065,-3114.9728251170745,-4768.731762813855,proud,35440.686351059645,-56850,-37636,33049
flow,302.81637068107284,22,-49157,48119.95270692732,46207.84825018654,tail,72879.5770255739,60995,46519,81731
broad,612.5433649457896,-8,-94385,-4760.633036058047,60398.59841011866,find,98919.52383139433,-37265,-36120,67701